<?xml version="1.0" encoding="UTF-8"?>
<project-private xmlns="http://www.netbeans.org/ns/project-private/1">
    <editor-bookmarks xmlns="http://www.netbeans.org/ns/editor-bookmarks/2" lastBookmarkId="0"/>
    <open-files xmlns="http://www.netbeans.org/ns/projectui-open-files/2">
        <group>
            <file>file:/C:/Users/kardo/Documents/NetBeansProjects/ScientificCalculator/src/scientificcalculator/Main.java</file>
            <file>file:/C:/Users/kardo/Documents/NetBeansProjects/ScientificCalculator/src/scientificcalculator/ui/CalculatorUI.java</file>
            <file>file:/C:/Users/kardo/Documents/NetBeansProjects/ScientificCalculator/src/scientificcalculator/operations/CalculatorOperations.java</file>
            <file>file:/C:/Users/kardo/Documents/NetBeansProjects/ScientificCalculator/src/scientificcalculator/operations/MathOperation.java</file>
            <file>file:/C:/Users/kardo/Documents/NetBeansProjects/ScientificCalculator/src/scientificcalculator/operations/ArithmeticOperation.java</file>
            <file>file:/C:/Users/kardo/Documents/NetBeansProjects/ScientificCalculator/src/scientificcalculator/operations/ScientificOperation.java</file>
            <file>file:/C:/Users/kardo/Documents/NetBeansProjects/ScientificCalculator/src/scientificcalculator/operations/MemoryOperation.java</file>
        </group>
    </open-files>
</project-private>
